Sample_Name	Patient_ID	Stool_Consistency	Patient_Sex	Sample_Day	Recovery_Day	Cohort_Number
EG2580	P042	liquid	F	13	17	2
EG2559	P043	liquid	M	15	17	2
EG2537	P042	liquid	F	0	17	1
EG2518	P043	liquid	M	0	17	1
EG2490	P030	formed	F	0	NA	1
EG2473	P055	semi-formed	M	20	22	2
EG2435	P010	liquid	F	0	27	1
EG2419	P055	formed	M	0	22	1
EG2392	P005	semi-formed	M	22	24	2
EG2391	P050	liquid	F	23	24	2
EG0136	P027	formed	M	0	33	1
EG2335	P005	liquid	M	0	24	1
EG2279	P065	liquid	M	0	35	1
EG2226	P074	liquid	F	23	21	2
EG2214	P072	semi-formed	F	0	24	1
EG2186	P074	formed	F	0	21	1
EG2149	P024	formed	F	0	37	1
EG2018	P014	semi-formed	F	14	16	2
EG1990	P018	semi-formed	F	20	15	2
EG1976	P014	formed	F	0	16	1
EG1940	P071	liquid	M	27	29	2
EG0118	P062	formed	F	30	27	2
EG1939	P045	liquid	M	14	11	2
EG1915	P046	liquid	F	0	20	1
EG1905	P045	liquid	M	0	11	1
EG1904	P041	liquid	M	0	32	1
EG1892	P076	formed	F	27	28	2
EG1878	P059	formed	M	22	20	2
EG1872	P071	semi-formed	M	0	29	1
EG1830	P008	semi-formed	F	0	NA	1
EG1825	P076	semi-formed	F	0	28	1
EG0101	P054	semi-formed	F	7	7	2
EG1823	P059	formed	M	0	20	1
EG1772	P070	liquid	F	16	19	2
EG1724	P070	semi-formed	F	0	19	1
EG1673	P039	liquid	M	27	26	2
EG1637	P001	formed	M	22	20	2
EG1599	P039	liquid	M	0	26	1
EG1572	P026	formed	F	20	18	2
EG1527	P003	semi-formed	M	22	23	2
EG1524	P013	liquid	M	22	25	2
EG1507	P026	semi-formed	F	0	18	1
EG0088	P020	semi-formed	F	27	28	2
EG1490	P019	semi-formed	M	47	48	2
EG1431	P002	liquid	F	38	35	2
EG1416	P068	semi-formed	F	17	16	2
EG1394	P019	semi-formed	M	0	48	1
EG1359	P002	liquid	F	0	35	1
EG1178	P047	liquid	M	58	59	2
EG1153	P016	formed	F	22	24	2
EG1080	P036	formed	F	0	20	1
EG1069	P016	semi-formed	F	0	24	1
EG1051	P028	semi-formed	F	0	21	1
EG0070	P062	semi-formed	F	0	27	1
EG1041	P023	liquid	M	27	29	2
EG1035	P025	formed	M	70	65	2
EG0968	P047	liquid	M	0	59	1
EG0967	P023	formed	M	0	29	1
EG0946	P006	semi-formed	F	0	17	1
EG0927	P012	formed	F	26	24	2
EG0892	P060	semi-formed	F	38	42	2
EG0883	P075	semi-formed	M	0	21	1
EG0850	P052	liquid	F	25	25	2
EG0831	P012	liquid	F	0	24	1
EG0057	P004	formed	F	35	34	2
EG0800	P037	semi-formed	M	0	18	1
EG0778	P063	liquid	M	40	43	2
EG0767	P025	semi-formed	M	0	65	1
EG0744	P052	liquid	F	0	25	1
EG0732	P040	liquid	F	0	23	1
EG0660	P063	formed	M	0	43	1
EG0647	P011	formed	M	25	25	2
EG0605	P007	semi-formed	M	0	20	1
EG0546	P048	semi-formed	F	16	21	2
EG0055	P020	liquid	F	0	28	1
EG0520	P015	semi-formed	M	26	25	2
EG0497	P048	semi-formed	F	0	21	1
EG0447	P061	semi-formed	M	27	25	2
EG0415	P067	formed	M	0	51	1
EG0401	P022	liquid	F	0	25	1
EG0381	P061	formed	M	0	25	1
EG0365	P053	semi-formed	M	17	21	2
EG0364	P049	semi-formed	M	23	25	2
EG0341	P033	liquid	M	48	47	2
EG0313	P044	liquid	F	19	23	2
EG0039	P073	formed	M	0	NA	1
EG0303	P049	semi-formed	M	0	25	1
EG0294	P051	formed	M	7	11	2
EG0282	P044	liquid	F	0	23	1
EG0280	P051	formed	M	0	11	1
EG0256	P057	formed	M	17	19	2
EG0236	P033	semi-formed	M	0	47	1
EG0196	P027	formed	M	35	33	2
EG0194	P029	liquid	M	0	20	1
EG0175	P032	formed	F	19	21	2
EG2659	P034	semi-formed	F	22	18	2
EG2638	P017	semi-formed	M	12	17	2
EG2608	P034	formed	F	0	18	1
EG2591	P017	liquid	M	0	17	1
EG0141	P032	liquid	F	0	21	1
EG0031	P021	formed	M	20	24	2
EG0024	P004	formed	F	0	34	1